"partido","estado","codigo"
"DEM "," AL ",14245
"PC do B "," AL ",44612
"PCB "," AL ",49094
"PCO "," AL ",3577278
"PDT "," AL ",16072
"PEN "," AL ",401479
"PEN "," AL ",85501
"PHS "," AL ",48381
"PMDB "," AL ",11907
"PMN "," AL ",13177
"PP "," AL ",6657
"PPL "," AL ",48744
"PPS "," AL ",43847
"PR "," AL ",6949
"PRB "," AL ",7212
"PROS "," AL ",712034
"PROS "," AL ",48781
"PRP "," AL ",49371
"PRP "," AL ",6490
"PRTB "," AL ",49081
"PRTB "," AL ",12746
"PSB "," AL ",45862
"PSC "," AL ",5257
"PSD "," AL ",10377
"PSDB "," AL ",45762
"PSDC "," AL ",14687
"PSL "," AL ",1276823
"PSOL "," AL ",13201
"PSTU "," AL ",15251
"PT "," AL ",5862
"PT do B "," AL ",49082
"PT do B "," AL ",5905
"PTB "," AL ",5748
"PTC "," AL ",2667031
"PTN "," AL ",401480
"PTN "," AL ",15589
"PV "," AL ",6024
"SD "," AL ",47981
"DEM "," AM ",1202662
"DEM "," AM ",30208
"PC do B "," AM ",58982
"PC do B "," AM ",45134
"PCB "," AM ",45921
"PDT "," AM ",30215
"PEN "," AM ",43670
"PHS "," AM ",48645
"PMDB "," AM ",495766
"PMDB "," AM ",30089
"PMN "," AM ",543352
"PMN "," AM ",30170
"PP "," AM ",52462
"PP "," AM ",30233
"PPL "," AM ",663599
"PPL "," AM ",45707
"PPS "," AM ",3079597
"PPS "," AM ",30223
"PR "," AM ",30146
"PRB "," AM ",591209
"PRB "," AM ",30140
"PROS "," AM ",931981
"PROS "," AM ",48945
"PRP "," AM ",663607
"PRP "," AM ",30227
"PRTB "," AM ",30094
"PSB "," AM ",30152
"PSC "," AM ",663583
"PSC "," AM ",30109
"PSD "," AM ",2155531
"PSD "," AM ",30189
"PSDB "," AM ",543349
"PSDB "," AM ",30102
"PSDC "," AM ",663595
"PSDC "," AM ",45801
"PSL "," AM ",70461
"PSOL "," AM ",45881
"PSTU "," AM ",378003
"PSTU "," AM ",495767
"PT "," AM ",495765
"PT "," AM ",30255
"PT do B "," AM ",30262
"PTB "," AM ",30129
"PTC "," AM ",1351335
"PTN "," AM ",30239
"PV "," AM ",30070
"SD "," AM ",45610
"DEM "," AP ",1326458
"DEM "," AP ",36887
"PC do B "," AP ",736317
"PC do B "," AP ",639439
"PCB "," AP ",3594968
"PDT "," AP ",931976
"PDT "," AP ",44234
"PEN "," AP ",43672
"PHS "," AP ",49549
"PMDB "," AP ",36868
"PMN "," AP ",36856
"PP "," AP ",36849
"PPL "," AP ",567235
"PPS "," AP ",36845
"PR "," AP ",36894
"PRB "," AP ",36872
"PROS "," AP ",36842
"PRP "," AP ",49145
"PRTB "," AP ",1054787
"PRTB "," AP ",36852
"PSB "," AP ",931972
"PSB "," AP ",36860
"PSC "," AP ",36834
"PSD "," AP ",736314
"PSD "," AP ",36864
"PSDB "," AP ",639440
"PSDB "," AP ",36830
"PSDC "," AP ",1550873
"PSL "," AP ",3594956
"PSOL "," AP ",1079375
"PSOL "," AP ",37089
"PSTU "," AP ",931974
"PSTU "," AP ",36876
"PT "," AP ",36890
"PT do B "," AP ",1600925
"PT do B "," AP ",3594978
"PTB "," AP ",36838
"PTC "," AP ",543351
"PTN "," AP ",45763
"PV "," AP ",50343
"PV "," AP ",36881
"SD "," AP ",956513
"SD "," AP ",49550
"DEM "," BA ",31663
"PC do B "," BA ",33332
"PCB "," BA ",14856
"PDT "," BA ",495761
"PDT "," BA ",33004
"PEN "," BA ",1851674
"PEN "," BA ",43660
"PHS "," BA ",931979
"PHS "," BA ",33319
"PMDB "," BA ",6951
"PMN "," BA ",931980
"PMN "," BA ",8097
"PP "," BA ",28505
"PPL "," BA ",49261
"PPS "," BA ",33206
"PR "," BA ",31426
"PRB "," BA ",7312
"PROS "," BA ",48285
"PRP "," BA ",32723
"PRTB "," BA ",32304
"PSB "," BA ",17628
"PSC "," BA ",543355
"PSC "," BA ",8998
"PSD "," BA ",24111
"PSDB "," BA ",11163
"PSDC "," BA ",51161
"PSDC "," BA ",8708
"PSL "," BA ",31833
"PSOL "," BA ",29296
"PSTU "," BA ",49160
"PSTU "," BA ",7176
"PT "," BA ",43963
"PT do B "," BA ",31986
"PTB "," BA ",712042
"PTB "," BA ",8157
"PTC "," BA ",9284
"PTN "," BA ",32250
"PV "," BA ",32377
"SD "," BA ",49041
"DEM "," BR ",231
"PC do B "," BR ",215
"PCB "," BR ",663606
"PCB "," BR ",45703
"PCO "," BR ",956517
"PCO "," BR ",219
"PDT "," BR ",48988
"PDT "," BR ",239
"PEN "," BR ",43641
"PHS "," BR ",228
"PMDB "," BR ",217
"PMN "," BR ",238
"PP "," BR ",230
"PPL "," BR ",225
"PPS "," BR ",221
"PR "," BR ",232
"PRB "," BR ",44643
"PROS "," BR ",214
"PRP "," BR ",226
"PRTB "," BR ",49087
"PRTB "," BR ",216
"PSB "," BR ",52463
"PSB "," BR ",236
"PSC "," BR ",49093
"PSC "," BR ",235
"PSD "," BR ",223
"PSDB "," BR ",50342
"PSDB "," BR ",234
"PSDC "," BR ",956522
"PSDC "," BR ",218
"PSL "," BR ",44641
"PSOL "," BR ",49650
"PSOL "," BR ",44642
"PSTU "," BR ",48986
"PSTU "," BR ",220
"PT "," BR ",58981
"PT "," BR ",229
"PT do B "," BR ",233
"PTB "," BR ",227
"PTC "," BR ",237
"PTN "," BR ",222
"PV "," BR ",49367
"PV "," BR ",224
"SD "," BR ",46001
"DEM "," CE ",956515
"DEM "," CE ",956516
"DEM "," CE ",8994
"PC do B "," CE ",9229
"PCB "," CE ",931977
"PCB "," CE ",19239
"PDT "," CE ",9193
"PEN "," CE ",43647
"PHS "," CE ",712041
"PHS "," CE ",8961
"PMDB "," CE ",663588
"PMDB "," CE ",9238
"PMN "," CE ",663587
"PMN "," CE ",9386
"PP "," CE ",639431
"PP "," CE ",17917
"PPL "," CE ",956530
"PPS "," CE ",9141
"PR "," CE ",9483
"PRB "," CE ",663589
"PRB "," CE ",9275
"PROS "," CE ",2359579
"PROS "," CE ",8955
"PRP "," CE ",9520
"PRTB "," CE ",46004
"PSB "," CE ",8893
"PSC "," CE ",9050
"PSD "," CE ",9086
"PSDB "," CE ",9320
"PSDC "," CE ",736307
"PSDC "," CE ",8838
"PSL "," CE ",712037
"PSL "," CE ",48861
"PSOL "," CE ",736316
"PSOL "," CE ",8848
"PSTU "," CE ",9298
"PT "," CE ",377996
"PT "," CE ",1876826
"PT "," CE ",495752
"PT "," CE ",9456
"PT do B "," CE ",19368
"PTB "," CE ",12171
"PTC "," CE ",3576157
"PTN "," CE ",736318
"PTN "," CE ",9314
"PV "," CE ",591206
"PV "," CE ",9078
"SD "," CE ",3576158
"DEM "," DF ",242
"PC do B "," DF ",1030207
"PC do B "," DF ",248
"PCB "," DF ",244
"PCO "," DF ",2359576
"PCO "," DF ",3577119
"PDT "," DF ",249
"PEN "," DF ",43642
"PHS "," DF ",254
"PMDB "," DF ",1276818
"PMDB "," DF ",241
"PMN "," DF ",736313
"PMN "," DF ",253
"PP "," DF ",245
"PPL "," DF ",255
"PPS "," DF ",260
"PR "," DF ",250
"PRB "," DF ",1326457
"PRB "," DF ",44750
"PROS "," DF ",50077
"PRP "," DF ",243
"PRTB "," DF ",1401182
"PRTB "," DF ",259
"PSB "," DF ",246
"PSC "," DF ",257
"PSD "," DF ",736312
"PSD "," DF ",256
"PSDB "," DF ",1103982
"PSDB "," DF ",1103983
"PSDB "," DF ",1103981
"PSDB "," DF ",1103980
"PSDB "," DF ",258
"PSDC "," DF ",3577118
"PSL "," DF ",50081
"PSOL "," DF ",46062
"PSTU "," DF ",1103977
"PSTU "," DF ",687815
"PT "," DF ",2641342
"PT "," DF ",251
"PT do B "," DF ",252
"PTB "," DF ",240
"PTC "," DF ",46061
"PTN "," DF ",48702
"PV "," DF ",247
"SD "," DF ",48904
"DEM "," ES ",16686
"PC do B "," ES ",3497685
"PC do B "," ES ",20570
"PCB "," ES ",687816
"PCO "," ES ",3577329
"PDT "," ES ",22960
"PEN "," ES ",48991
"PHS "," ES ",48321
"PMDB "," ES ",785027
"PMDB "," ES ",23216
"PMN "," ES ",18767
"PP "," ES ",23445
"PPL "," ES ",45704
"PPS "," ES ",23700
"PR "," ES ",3027264
"PR "," ES ",23118
"PRB "," ES ",1103979
"PRB "," ES ",22929
"PROS "," ES ",49647
"PROS "," ES ",48721
"PRP "," ES ",1351334
"PRP "," ES ",49260
"PRTB "," ES ",48742
"PSB "," ES ",49159
"PSC "," ES ",23861
"PSD "," ES ",48603
"PSDB "," ES ",23082
"PSDC "," ES ",46002
"PSL "," ES ",48944
"PSL "," ES ",20235
"PSOL "," ES ",18862
"PSTU "," ES ",49546
"PT "," ES ",21419
"PT do B "," ES ",15273
"PTB "," ES ",23424
"PTC "," ES ",3131793
"PTC "," ES ",45941
"PTN "," ES ",639430
"PTN "," ES ",23991
"PV "," ES ",17780
"SD "," ES ",49369
"DEM "," GO ",270263
"DEM "," GO ",1289
"PC do B "," GO ",736315
"PC do B "," GO ",9368
"PCB "," GO ",1952448
"PCB "," GO ",3577687
"PCO "," GO ",3577702
"PDT "," GO ",5177
"PEN "," GO ",48741
"PHS "," GO ",11674
"PMDB "," GO ",543350
"PMDB "," GO ",8434
"PMN "," GO ",639436
"PMN "," GO ",9223
"PP "," GO ",712040
"PP "," GO ",10153
"PPL "," GO ",1202666
"PPL "," GO ",49121
"PPS "," GO ",293282
"PPS "," GO ",4259
"PR "," GO ",9042
"PRB "," GO ",663582
"PRB "," GO ",9579
"PROS "," GO ",1227383
"PROS "," GO ",519527
"PRP "," GO ",639434
"PRP "," GO ",4223
"PRTB "," GO ",1351332
"PRTB "," GO ",3577699
"PSB "," GO ",49370
"PSB "," GO ",9707
"PSC "," GO ",714
"PSD "," GO ",2098
"PSDB "," GO ",424958
"PSDB "," GO ",639437
"PSDC "," GO ",10169
"PSL "," GO ",543354
"PSL "," GO ",567236
"PSOL "," GO ",1276819
"PSOL "," GO ",3577727
"PSTU "," GO ",1276820
"PSTU "," GO ",3577662
"PT "," GO ",639425
"PT "," GO ",334
"PT do B "," GO ",328
"PTB "," GO ",448542
"PTB "," GO ",5061
"PTC "," GO ",639435
"PTC "," GO ",8282
"PTN "," GO ",495782
"PTN "," GO ",10322
"PV "," GO ",663600
"PV "," GO ",1498
"SD "," GO ",1401181
"SD "," GO ",48661
"DEM "," MA ",49123
"PC do B "," MA ",424963
"PC do B "," MA ",424965
"PC do B "," MA ",424962
"PC do B "," MA ",16684
"PCB "," MA ",956521
"PCB "," MA ",48541
"PDT "," MA ",519528
"PDT "," MA ",45841
"PEN "," MA ",43650
"PHS "," MA ",48581
"PMDB "," MA ",15359
"PMN "," MA ",15088
"PP "," MA ",10149
"PPL "," MA ",3577492
"PPS "," MA ",48974
"PR "," MA ",11928
"PRB "," MA ",639429
"PRB "," MA ",45962
"PROS "," MA ",472122
"PROS "," MA ",49903
"PRP "," MA ",50082
"PRTB "," MA ",712038
"PRTB "," MA ",12191
"PSB "," MA ",712031
"PSB "," MA ",712033
"PSB "," MA ",712032
"PSB "," MA ",16064
"PSC "," MA ",1103976
"PSD "," MA ",14130
"PSDB "," MA ",424961
"PSDB "," MA ",14780
"PSDC "," MA ",956519
"PSDC "," MA ",14038
"PSL "," MA ",1726131
"PSL "," MA ",2652
"PSOL "," MA ",16564
"PSTU "," MA ",663591
"PSTU "," MA ",3577457
"PT "," MA ",2895
"PT do B "," MA ",712035
"PT do B "," MA ",15927
"PTB "," MA ",1054786
"PTB "," MA ",12010
"PTC "," MA ",10562
"PTN "," MA ",14883
"PV "," MA ",16426
"SD "," MA ",543353
"SD "," MA ",49109
"DEM "," MG ",36841
"PC do B "," MG ",36438
"PCB "," MG ",1054781
"PCB "," MG ",49751
"PCO "," MG ",2155532
"PCO "," MG ",10457
"PDT "," MG ",1952449
"PDT "," MG ",40405
"PEN "," MG ",43667
"PHS "," MG ",39166
"PMDB "," MG ",39150
"PMN "," MG ",39622
"PP "," MG ",39036
"PPL "," MG ",51146
"PPS "," MG ",36443
"PR "," MG ",39475
"PRB "," MG ",663603
"PRB "," MG ",39050
"PROS "," MG ",51147
"PRP "," MG ",639424
"PRP "," MG ",38984
"PRTB "," MG ",43878
"PSB "," MG ",39947
"PSC "," MG ",20451
"PSD "," MG ",45982
"PSDB "," MG ",39477
"PSDC "," MG ",1351333
"PSDC "," MG ",40327
"PSL "," MG ",48983
"PSL "," MG ",30143
"PSOL "," MG ",2130066
"PSOL "," MG ",40333
"PSTU "," MG ",49157
"PSTU "," MG ",15749
"PT "," MG ",615325
"PT "," MG ",40462
"PT do B "," MG ",48943
"PT do B "," MG ",17174
"PTB "," MG ",37674
"PTC "," MG ",49028
"PTC "," MG ",10467
"PTN "," MG ",22935
"PV "," MG ",11943
"SD "," MG ",1351337
"DEM "," MS ",5244
"PC do B "," MS ",1366
"PCB "," MS ",3578068
"PCO "," MS ",3578096
"PDT "," MS ",424957
"PDT "," MS ",6480
"PEN "," MS ",43644
"PHS "," MS ",48482
"PMDB "," MS ",424975
"PMDB "," MS ",5562
"PMN "," MS ",5220
"PP "," MS ",736309
"PP "," MS ",4769
"PPL "," MS ",45705
"PPS "," MS ",3061
"PR "," MS ",3458
"PRB "," MS ",7041
"PROS "," MS ",49651
"PRP "," MS ",1315
"PRTB "," MS ",5156
"PSB "," MS ",2270
"PSC "," MS ",3126
"PSD "," MS ",1957
"PSDB "," MS ",6086
"PSDC "," MS ",6770
"PSL "," MS ",2801
"PSOL "," MS ",2712
"PSTU "," MS ",2264
"PT "," MS ",639428
"PT "," MS ",1169
"PT do B "," MS ",956511
"PT do B "," MS ",1295
"PTB "," MS ",663585
"PTB "," MS ",3494
"PTC "," MS ",5232
"PTN "," MS ",3590
"PV "," MS ",1249
"SD "," MS ",48422
"DEM "," MT ",1710
"PC do B "," MT ",809471
"PCO "," MT ",3577130
"PDT "," MT ",663604
"PDT "," MT ",6266
"PEN "," MT ",43643
"PHS "," MT ",43681
"PMDB "," MT ",1766
"PMN "," MT ",1676
"PP "," MT ",956514
"PP "," MT ",1717
"PPS "," MT ",44421
"PR "," MT ",3636
"PRB "," MT ",48905
"PROS "," MT ",736320
"PRP "," MT ",1849
"PRTB "," MT ",1227382
"PRTB "," MT ",1772
"PSB "," MT ",1681
"PSC "," MT ",1756
"PSD "," MT ",1005630
"PSD "," MT ",1807
"PSDB "," MT ",1686
"PSDC "," MT ",3497686
"PSL "," MT ",48783
"PSOL "," MT ",49022
"PSOL "," MT ",1695
"PT "," MT ",1795
"PT do B "," MT ",448541
"PT do B "," MT ",1843
"PTB "," MT ",1837
"PTC "," MT ",809470
"PTN "," MT ",1831
"PV "," MT ",1861
"SD "," MT ",956509
"SD "," MT ",712043
"DEM "," PA ",24390
"PC do B "," PA ",44233
"PCB "," PA ",3588341
"PCO "," PA ",3588391
"PDT "," PA ",24378
"PEN "," PA ",43662
"PHS "," PA ",24384
"PMDB "," PA ",24305
"PMN "," PA ",24353
"PP "," PA ",24303
"PPL "," PA ",48352
"PPS "," PA ",24346
"PR "," PA ",24412
"PRB "," PA ",2538701
"PRB "," PA ",24419
"PROS "," PA ",1826541
"PROS "," PA ",51144
"PRP "," PA ",687821
"PRP "," PA ",24435
"PRTB "," PA ",1575902
"PRTB "," PA ",3588377
"PSB "," PA ",24313
"PSC "," PA ",24334
"PSD "," PA ",45782
"PSDB "," PA ",712039
"PSDB "," PA ",495759
"PSDB "," PA ",24320
"PSDC "," PA ",687822
"PSDC "," PA ",24360
"PSL "," PA ",24338
"PSOL "," PA ",2359601
"PSOL "," PA ",24398
"PSTU "," PA ",495781
"PSTU "," PA ",24365
"PT "," PA ",24327
"PT do B "," PA ",44441
"PTB "," PA ",931978
"PTB "," PA ",24373
"PTC "," PA ",24404
"PTN "," PA ",1202664
"PTN "," PA ",3588313
"PV "," PA ",24427
"SD "," PA ",1227381
"SD "," PA ",495753
"DEM "," PB ",23962
"PC do B "," PB ",23906
"PCB "," PB ",3578833
"PCO "," PB ",3578860
"PDT "," PB ",20734
"PEN "," PB ",43669
"PHS "," PB ",20742
"PMDB "," PB ",23880
"PMN "," PB ",20749
"PP "," PB ",23988
"PPL "," PB ",3578876
"PPS "," PB ",3578850
"PR "," PB ",20762
"PRB "," PB ",639441
"PRB "," PB ",23955
"PROS "," PB ",45963
"PRP "," PB ",20727
"PRTB "," PB ",23839
"PSB "," PB ",23948
"PSC "," PB ",23843
"PSD "," PB ",20757
"PSDB "," PB ",23874
"PSDC "," PB ",23833
"PSL "," PB ",663586
"PSL "," PB ",23866
"PSOL "," PB ",48841
"PSTU "," PB ",49756
"PSTU "," PB ",49051
"PT "," PB ",23940
"PT do B "," PB ",23827
"PTB "," PB ",23922
"PTC "," PB ",23858
"PTN "," PB ",23821
"PV "," PB ",23849
"SD "," PB ",48446
"DEM "," PE ",20616
"PC do B "," PE ",44299
"PCB "," PE ",20698
"PCO "," PE ",3577952
"PDT "," PE ",13462
"PEN "," PE ",45863
"PHS "," PE ",49025
"PMDB "," PE ",49156
"PMDB "," PE ",20686
"PMN "," PE ",7401
"PP "," PE ",736308
"PP "," PE ",20653
"PPL "," PE ",45781
"PPS "," PE ",20649
"PR "," PE ",20633
"PRB "," PE ",20623
"PROS "," PE ",49262
"PRP "," PE ",3577968
"PRTB "," PE ",17388
"PSB "," PE ",49158
"PSB "," PE ",20587
"PSC "," PE ",20692
"PSD "," PE ",20679
"PSDB "," PE ",472124
"PSDB "," PE ",17399
"PSDC "," PE ",17050
"PSL "," PE ",48322
"PSOL "," PE ",48743
"PSTU "," PE ",49368
"PSTU "," PE ",20660
"PT "," PE ",20709
"PT do B "," PE ",2359578
"PTB "," PE ",20707
"PTC "," PE ",20594
"PTN "," PE ",20638
"PV "," PE ",20580
"SD "," PE ",45301
"DEM "," PI ",43505
"PC do B "," PI ",43511
"PCB "," PI ",3366981
"PCB "," PI ",45708
"PCO "," PI ",3577466
"PDT "," PI ",43627
"PEN "," PI ",43651
"PHS "," PI ",48440
"PMDB "," PI ",43507
"PMN "," PI ",43504
"PP "," PI ",1301641
"PP "," PI ",43512
"PPL "," PI ",45922
"PPS "," PI ",1575901
"PPS "," PI ",44543
"PR "," PI ",43506
"PRB "," PI ",43500
"PROS "," PI ",2359577
"PRP "," PI ",43508
"PRTB "," PI ",43494
"PSB "," PI ",49021
"PSC "," PI ",43492
"PSD "," PI ",43493
"PSDB "," PI ",43498
"PSDC "," PI ",43502
"PSL "," PI ",43497
"PSOL "," PI ",43495
"PSTU "," PI ",43509
"PT "," PI ",43510
"PT do B "," PI ",43496
"PTB "," PI ",43513
"PTC "," PI ",43499
"PTN "," PI ",1005631
"PTN "," PI ",43503
"PV "," PI ",43501
"SD "," PI ",45942
"DEM "," PR ",45761
"PC do B "," PR ",36145
"PCB "," PR ",3577194
"PDT "," PR ",45212
"PEN "," PR ",378000
"PEN "," PR ",43661
"PHS "," PR ",1927209
"PHS "," PR ",3027265
"PMDB "," PR ",35679
"PMN "," PR ",378002
"PMN "," PR ",36375
"PP "," PR ",33358
"PPL "," PR ",49044
"PPS "," PR ",1726141
"PPS "," PR ",36975
"PR "," PR ",48901
"PRB "," PR ",1351330
"PRB "," PR ",35173
"PROS "," PR ",2155535
"PRP "," PR ",45981
"PRTB "," PR ",591208
"PRTB "," PR ",3577216
"PSB "," PR ",567237
"PSB "," PR ",7570
"PSC "," PR ",1202667
"PSC "," PR ",11842
"PSD "," PR ",30012
"PSDB "," PR ",1202661
"PSDB "," PR ",1054784
"PSDB "," PR ",1054783
"PSDB "," PR ",1054782
"PSDB "," PR ",36267
"PSDC "," PR ",36746
"PSL "," PR ",51135
"PSOL "," PR ",49752
"PSOL "," PR ",49753
"PSTU "," PR ",43813
"PT "," PR ",7703
"PT do B "," PR ",1952450
"PTB "," PR ",35605
"PTC "," PR ",591207
"PTC "," PR ",36750
"PTN "," PR ",58983
"PTN "," PR ",10751
"PV "," PR ",10778
"SD "," PR ",44912
"DEM "," RJ ",7441
"PC do B "," RJ ",736306
"PC do B "," RJ ",7499
"PCB "," RJ ",1373
"PCO "," RJ ",3582454
"PDT "," RJ ",6277
"PEN "," RJ ",43652
"PHS "," RJ ",48384
"PMDB "," RJ ",785026
"PMDB "," RJ ",7233
"PMN "," RJ ",712036
"PMN "," RJ ",6520
"PP "," RJ ",1577
"PPL "," RJ ",45842
"PPS "," RJ ",424956
"PPS "," RJ ",49259
"PR "," RJ ",519529
"PR "," RJ ",1176
"PRB "," RJ ",45721
"PROS "," RJ ",424974
"PROS "," RJ ",48782
"PRP "," RJ ",48602
"PRTB "," RJ ",6724
"PSB "," RJ ",424971
"PSB "," RJ ",8822
"PSC "," RJ ",45695
"PSD "," RJ ",4305
"PSDB "," RJ ",7386
"PSDC "," RJ ",5433
"PSL "," RJ ",1561
"PSOL "," RJ ",8660
"PSTU "," RJ ",1966
"PT "," RJ ",1727
"PT do B "," RJ ",1103974
"PT do B "," RJ ",7863
"PTB "," RJ ",6645
"PTC "," RJ ",4283
"PTN "," RJ ",48121
"PV "," RJ ",424964
"PV "," RJ ",1134
"SD "," RJ ",45901
"DEM "," RN ",18998
"PC do B "," RN ",24588
"PDT "," RN ",712044
"PDT "," RN ",22291
"PEN "," RN ",43668
"PHS "," RN ",23438
"PMDB "," RN ",639432
"PMDB "," RN ",16014
"PMN "," RN ",17126
"PP "," RN ",26331
"PPS "," RN ",24617
"PR "," RN ",472123
"PR "," RN ",15430
"PRB "," RN ",1351331
"PRB "," RN ",15810
"PROS "," RN ",981081
"PROS "," RN ",377997
"PRP "," RN ",27885
"PRTB "," RN ",23557
"PSB "," RN ",663592
"PSB "," RN ",49029
"PSC "," RN ",26624
"PSD "," RN ",1103975
"PSD "," RN ",27122
"PSDB "," RN ",1079374
"PSDB "," RN ",16046
"PSDC "," RN ",1326459
"PSDC "," RN ",26317
"PSL "," RN ",26761
"PSOL "," RN ",45741
"PSTU "," RN ",377995
"PSTU "," RN ",19005
"PT "," RN ",22516
"PT do B "," RN ",3580689
"PTB "," RN ",21935
"PTC "," RN ",25275
"PTN "," RN ",26978
"PV "," RN ",27554
"SD "," RN ",907461
"SD "," RN ",45602
"DEM "," RO ",1876
"PC do B "," RO ",44611
"PCB "," RO ",3577120
"PDT "," RO ",1747
"PEN "," RO ",48081
"PHS "," RO ",48601
"PMDB "," RO ",1675
"PMN "," RO ",1764
"PP "," RO ",956526
"PP "," RO ",1741
"PPS "," RO ",1709
"PR "," RO ",956525
"PR "," RO ",2970
"PRB "," RO ",956527
"PRB "," RO ",49544
"PROS "," RO ",49120
"PRP "," RO ",2073
"PRTB "," RO ",1669
"PSB "," RO ",1252082
"PSB "," RO ",956518
"PSC "," RO ",49088
"PSD "," RO ",45961
"PSDB "," RO ",1693
"PSDC "," RO ",1882
"PSL "," RO ",448522
"PSOL "," RO ",49085
"PSTU "," RO ",46041
"PT "," RO ",1054785
"PT "," RO ",2331
"PT do B "," RO ",49545
"PTB "," RO ",1771
"PTC "," RO ",49119
"PTN "," RO ",1644
"PV "," RO ",2188
"SD "," RO ",3577124
"DEM "," RR ",34020
"PC do B "," RR ",49086
"PC do B "," RR ",34515
"PDT "," RR ",736311
"PDT "," RR ",34180
"PEN "," RR ",43671
"PHS "," RR ",49247
"PMDB "," RR ",34314
"PMN "," RR ",33939
"PP "," RR ",34673
"PPL "," RR ",1005633
"PPL "," RR ",48483
"PPS "," RR ",34679
"PR "," RR ",1005629
"PR "," RR ",33947
"PRB "," RR ",34711
"PROS "," RR ",49249
"PRP "," RR ",663590
"PRP "," RR ",52461
"PRTB "," RR ",34024
"PSB "," RR ",639433
"PSB "," RR ",34552
"PSC "," RR ",34342
"PSD "," RR ",49248
"PSDB "," RR ",378001
"PSDB "," RR ",34599
"PSDC "," RR ",3581466
"PSL "," RR ",33930
"PSOL "," RR ",45435
"PSTU "," RR ",2155533
"PT "," RR ",663594
"PT "," RR ",33943
"PT do B "," RR ",46003
"PTB "," RR ",33925
"PTC "," RR ",34001
"PTN "," RR ",33988
"PV "," RR ",931973
"PV "," RR ",33935
"SD "," RR ",45821
"DEM "," RS ",49754
"DEM "," RS ",8146
"PC do B "," RS ",956512
"PC do B "," RS ",28276
"PCB "," RS ",3578345
"PCO "," RS ",3578390
"PDT "," RS ",16167
"PEN "," RS ",48976
"PHS "," RS ",27351
"PMDB "," RS ",448543
"PMDB "," RS ",22652
"PMN "," RS ",32191
"PP "," RS ",8324
"PPL "," RS ",45574
"PPS "," RS ",2385161
"PPS "," RS ",44217
"PR "," RS ",3578360
"PRB "," RS ",8525
"PROS "," RS ",1876825
"PROS "," RS ",2667035
"PRP "," RS ",45861
"PRTB "," RS ",30210
"PSB "," RS ",8224
"PSC "," RS ",3131792
"PSC "," RS ",28345
"PSD "," RS ",31145
"PSDB "," RS ",2641341
"PSDB "," RS ",27251
"PSDC "," RS ",3578378
"PSL "," RS ",24469
"PSOL "," RS ",44351
"PSTU "," RS ",10217
"PT "," RS ",17144
"PT do B "," RS ",23063
"PTB "," RS ",50344
"PTB "," RS ",30635
"PTC "," RS ",448544
"PTC "," RS ",448545
"PTC "," RS ",3578428
"PTN "," RS ",44949
"PV "," RS ",30708
"SD "," RS ",1351329
"SD "," RS ",48701
"DEM "," SC ",7371
"PC do B "," SC ",10571
"PCB "," SC ",736319
"PCB "," SC ",3288555
"PDT "," SC ",10658
"PEN "," SC ",43649
"PHS "," SC ",48994
"PMDB "," SC ",10628
"PMN "," SC ",19132
"PP "," SC ",10682
"PPL "," SC ",10675
"PPS "," SC ",10577
"PR "," SC ",10560
"PRB "," SC ",45964
"PROS "," SC ",51142
"PRP "," SC ",48911
"PRTB "," SC ",956510
"PRTB "," SC ",1202668
"PSB "," SC ",10613
"PSC "," SC ",14569
"PSD "," SC ",8870
"PSDB "," SC ",10634
"PSDC "," SC ",7364
"PSL "," SC ",51141
"PSOL "," SC ",49755
"PSOL "," SC ",14560
"PSTU "," SC ",44884
"PT "," SC ",10667
"PT do B "," SC ",809472
"PTB "," SC ",10640
"PTC "," SC ",10600
"PTN "," SC ",19139
"PV "," SC ",10584
"SD "," SC ",45608
"DEM "," SE ",51162
"DEM "," SE ",9110
"PC do B "," SE ",615321
"PC do B "," SE ",8952
"PCB "," SE ",3577353
"PDT "," SE ",663605
"PDT "," SE ",14890
"PEN "," SE ",639426
"PEN "," SE ",48096
"PHS "," SE ",48987
"PMDB "," SE ",615322
"PMDB "," SE ",9058
"PMN "," SE ",615324
"PMN "," SE ",9085
"PP "," SE ",8958
"PPL "," SE ",1426121
"PPS "," SE ",9100
"PR "," SE ",11792
"PRB "," SE ",663584
"PRB "," SE ",9096
"PROS "," SE ",663602
"PROS "," SE ",3577375
"PRP "," SE ",1153323
"PRP "," SE ",45706
"PRTB "," SE ",1005632
"PRTB "," SE ",48910
"PSB "," SE ",931975
"PSB "," SE ",3001466
"PSC "," SE ",9066
"PSD "," SE ",639427
"PSD "," SE ",14586
"PSDB "," SE ",615323
"PSDB "," SE ",9008
"PSDC "," SE ",48864
"PSL "," SE ",11811
"PSOL "," SE ",8988
"PSTU "," SE ",9023
"PT "," SE ",956523
"PT "," SE ",8965
"PT do B "," SE ",12768
"PTB "," SE ",46021
"PTC "," SE ",9044
"PTN "," SE ",663601
"PTN "," SE ",3577349
"PV "," SE ",9052
"SD "," SE ",44422
"DEM "," SP ",424973
"DEM "," SP ",31714
"PC do B "," SP ",41408
"PCB "," SP ",27620
"PCO "," SP ",956520
"PCO "," SP ",16799
"PDT "," SP ",41944
"PEN "," SP ",43664
"PHS "," SP ",495755
"PHS "," SP ",41218
"PMDB "," SP ",49155
"PMDB "," SP ",49648
"PMDB "," SP ",49649
"PMDB "," SP ",41405
"PMN "," SP ",18644
"PP "," SP ",424970
"PP "," SP ",25481
"PPL "," SP ",44137
"PPS "," SP ",1202665
"PPS "," SP ",38389
"PR "," SP ",49107
"PR "," SP ",40850
"PRB "," SP ",377998
"PRB "," SP ",41698
"PROS "," SP ",956528
"PRP "," SP ",19539
"PRTB "," SP ",377999
"PRTB "," SP ",41582
"PSB "," SP ",424972
"PSB "," SP ",41847
"PSC "," SP ",687823
"PSC "," SP ",23478
"PSD "," SP ",41997
"PSDB "," SP ",424966
"PSDB "," SP ",424968
"PSDB "," SP ",424969
"PSDB "," SP ",424967
"PSDB "," SP ",41682
"PSDC "," SP ",1103978
"PSDC "," SP ",41613
"PSL "," SP ",41876
"PSOL "," SP ",38141
"PSTU "," SP ",41916
"PT "," SP ",424960
"PT "," SP ",17919
"PT do B "," SP ",23044
"PTB "," SP ",50345
"PTB "," SP ",40732
"PTC "," SP ",41672
"PTN "," SP ",38616
"PV "," SP ",49108
"PV "," SP ",26698
"SD "," SP ",52459
"SD "," SP ",47991
"DEM "," TO ",43710
"PC do B "," TO ",3577126
"PCB "," TO ",663593
"PCB "," TO ",51163
"PDT "," TO ",4148
"PEN "," TO ",43648
"PHS "," TO ",49118
"PMDB "," TO ",809469
"PMDB "," TO ",4081
"PMN "," TO ",4247
"PP "," TO ",6881
"PPL "," TO ",3577123
"PPS "," TO ",48001
"PR "," TO ",4315
"PRB "," TO ",6836
"PROS "," TO ",70462
"PROS "," TO ",51134
"PRP "," TO ",4352
"PRTB "," TO ",3577122
"PSB "," TO ",4317
"PSC "," TO ",4320
"PSD "," TO ",58984
"PSD "," TO ",4066
"PSDB "," TO ",4286
"PSDC "," TO ",4129
"PSL "," TO ",4302
"PSOL "," TO ",4308
"PT "," TO ",639438
"PT "," TO ",4329
"PT do B "," TO ",4096
"PTB "," TO ",10362
"PTC "," TO ",50078
"PTN "," TO ",4254
"PV "," TO ",52460
"PV "," TO ",4336
"SD "," TO ",70454
"SD "," TO ",48201
